Glider-ID,Lat Deg,Lon-Deg,ISO-Time,Temp_C,Salinity PPT,Depth (m)
GLIDER-01,32.15000,-118.35000,2024-06-01T00:00:00Z,16.00,34.230,250.0
GLIDER-01,32.16220,-118.33847,2024-06-01T00:48:48Z,15.76,34.252,262.8
GLIDER-01,32.17441,-118.32695,2024-06-01T01:37:37Z,15.53,34.273,275.5
GLIDER-01,32.18661,-118.31542,2024-06-01T02:26:26Z,15.29,34.292,288.2
GLIDER-01,32.19881,-118.30390,2024-06-01T03:15:15Z,15.05,34.309,300.7
GLIDER-01,32.21102,-118.29237,2024-06-01T04:04:04Z,14.81,34.324,313.1
GLIDER-01,32.22322,-118.28085,2024-06-01T04:52:52Z,14.57,34.338,325.4
GLIDER-01,32.23542,-118.26932,2024-06-01T05:41:41Z,14.33,34.351,337.4
GLIDER-01,32.24763,-118.25780,2024-06-01T06:30:30Z,14.09,34.362,349.2
GLIDER-01,32.25983,-118.24627,2024-06-01T07:19:19Z,13.84,34.372,360.7
GLIDER-01,32.27203,-118.23475,2024-06-01T08:08:08Z,13.60,34.381,371.8
GLIDER-01,32.28424,-118.22322,2024-06-01T08:56:56Z,13.36,34.389,382.7
GLIDER-01,32.29644,-118.21169,2024-06-01T09:45:45Z,13.12,34.396,393.1
GLIDER-01,32.30864,-118.20017,2024-06-01T10:34:34Z,12.89,34.403,403.2
GLIDER-01,32.32085,-118.18864,2024-06-01T11:23:23Z,12.66,34.410,412.8
GLIDER-01,32.33305,-118.17712,2024-06-01T12:12:12Z,12.45,34.416,421.9
GLIDER-01,32.34525,-118.16559,2024-06-01T13:01:01Z,12.23,34.423,430.6
GLIDER-01,32.35746,-118.15407,2024-06-01T13:49:49Z,12.03,34.429,438.8
GLIDER-01,32.36966,-118.14254,2024-06-01T14:38:38Z,11.85,34.436,446.4
GLIDER-01,32.38186,-118.13102,2024-06-01T15:27:27Z,11.68,34.443,453.5
GLIDER-01,32.39407,-118.11949,2024-06-01T16:16:16Z,11.52,34.451,459.9
GLIDER-01,32.40627,-118.10797,2024-06-01T17:05:05Z,11.38,34.459,465.8
GLIDER-01,32.41847,-118.09644,2024-06-01T17:53:53Z,11.26,34.468,471.1
GLIDER-01,32.43068,-118.08492,2024-06-01T18:42:42Z,11.15,34.477,475.8
GLIDER-01,32.44288,-118.07339,2024-06-01T19:31:31Z,11.07,34.487,479.8
GLIDER-01,32.45508,-118.06186,2024-06-01T20:20:20Z,11.01,34.497,483.1
GLIDER-01,32.46729,-118.05034,2024-06-01T21:09:09Z,10.96,34.507,485.8
GLIDER-01,32.47949,-118.03881,2024-06-01T21:57:57Z,10.94,34.518,487.9
GLIDER-01,32.49169,-118.02729,2024-06-01T22:46:46Z,10.93,34.528,489.2
GLIDER-01,32.50390,-118.01576,2024-06-01T23:35:35Z,10.94,34.539,489.9
GLIDER-01,32.51610,-118.00424,2024-06-02T00:24:24Z,10.97,34.549,489.9
GLIDER-01,32.52831,-117.99271,2024-06-02T01:13:13Z,11.01,34.558,489.2
GLIDER-01,32.54051,-117.98119,2024-06-02T02:02:02Z,11.07,34.567,487.9
GLIDER-01,32.55271,-117.96966,2024-06-02T02:50:50Z,11.14,34.575,485.8
GLIDER-01,32.56492,-117.95814,2024-06-02T03:39:39Z,11.23,34.581,483.1
GLIDER-01,32.57712,-117.94661,2024-06-02T04:28:28Z,11.32,34.586,479.8
GLIDER-01,32.58932,-117.93508,2024-06-02T05:17:17Z,11.42,34.590,475.8
GLIDER-01,32.60153,-117.92356,2024-06-02T06:06:06Z,11.54,34.591,471.1
GLIDER-01,32.61373,-117.91203,2024-06-02T06:54:54Z,11.66,34.591,465.8
GLIDER-01,32.62593,-117.90051,2024-06-02T07:43:43Z,11.78,34.588,459.9
GLIDER-01,32.63814,-117.88898,2024-06-02T08:32:32Z,11.92,34.584,453.5
GLIDER-01,32.65034,-117.87746,2024-06-02T09:21:21Z,12.06,34.576,446.4
GLIDER-01,32.66254,-117.86593,2024-06-02T10:10:10Z,12.20,34.567,438.8
GLIDER-01,32.67475,-117.85441,2024-06-02T10:58:58Z,12.35,34.554,430.6
GLIDER-01,32.68695,-117.84288,2024-06-02T11:47:47Z,12.51,34.539,421.9
GLIDER-01,32.69915,-117.83136,2024-06-02T12:36:36Z,12.68,34.522,412.8
GLIDER-01,32.71136,-117.81983,2024-06-02T13:25:25Z,12.85,34.502,403.2
GLIDER-01,32.72356,-117.80831,2024-06-02T14:14:14Z,13.03,34.480,393.1
GLIDER-01,32.73576,-117.79678,2024-06-02T15:03:03Z,13.21,34.456,382.7
GLIDER-01,32.74797,-117.78525,2024-06-02T15:51:51Z,13.41,34.430,371.8
GLIDER-01,32.76017,-117.77373,2024-06-02T16:40:40Z,13.62,34.401,360.7
GLIDER-01,32.77237,-117.76220,2024-06-02T17:29:29Z,13.83,34.372,349.2
GLIDER-01,32.78458,-117.75068,2024-06-02T18:18:18Z,14.06,34.340,337.4
GLIDER-01,32.79678,-117.73915,2024-06-02T19:07:07Z,14.29,34.308,325.4
GLIDER-01,32.80898,-117.72763,2024-06-02T19:55:55Z,14.54,34.275,313.1
GLIDER-01,32.82119,-117.71610,2024-06-02T20:44:44Z,14.80,34.241,300.7
GLIDER-01,32.83339,-117.70458,2024-06-02T21:33:33Z,15.06,34.207,288.2
GLIDER-01,32.84559,-117.69305,2024-06-02T22:22:22Z,15.33,34.173,275.5
GLIDER-01,32.85780,-117.68153,2024-06-02T23:11:11Z,15.61,34.140,262.8
GLIDER-01,32.87000,-117.67000,2024-06-03T00:00:00Z,15.90,34.107,250.0
